,scaling_technique,model,best_score_f1
0,,knn,0.41551990885528217
1,,dt,0.48590966736086016
2,,gnbayes,0.5577882546988019
3,,comnbayes,0.5932715832851579
4,,svc,0.5319636426223543
5,"['C1', 'C3']",knn,0.38593690759594657
6,"['C1', 'C3']",dt,0.47494205857521665
7,"['C1', 'C3']",gnbayes,0.5283862783517659
8,"['C1', 'C3']",comnbayes,0.5789159227666495
9,"['C1', 'C3']",svc,0.5007086702863963
10,"['C1', 'C4']",knn,0.3775145251364764
11,"['C1', 'C4']",dt,0.4341349382869786
12,"['C1', 'C4']",gnbayes,0.5507044278104649
13,"['C1', 'C4']",comnbayes,0.5800797189738537
14,"['C1', 'C4']",svc,0.5123078825304559
15,"['C1', 'C5']",knn,0.39417400109568856
16,"['C1', 'C5']",dt,0.4802331784905306
17,"['C1', 'C5']",gnbayes,0.5289302751486459
18,"['C1', 'C5']",comnbayes,0.5950582436943547
19,"['C1', 'C5']",svc,0.5035180576083478
20,"['C1', 'C6']",knn,0.35415575204392113
21,"['C1', 'C6']",dt,0.41001002064216074
22,"['C1', 'C6']",gnbayes,0.525102608497224
23,"['C1', 'C6']",comnbayes,0.5767472528902188
24,"['C1', 'C6']",svc,0.49875199625785777
25,"['C1', 'C7']",knn,0.33253184248251944
26,"['C1', 'C7']",dt,0.3847034158770378
27,"['C1', 'C7']",gnbayes,0.47580804103079205
28,"['C1', 'C7']",comnbayes,0.5303259994298769
29,"['C1', 'C7']",svc,0.40723216674427076
30,"['C1', 'C8']",knn,0.38175829528511335
31,"['C1', 'C8']",dt,0.47742855576403953
32,"['C1', 'C8']",gnbayes,0.547698321943605
33,"['C1', 'C8']",comnbayes,0.5918514379144019
34,"['C1', 'C8']",svc,0.5033761421868838
35,"['C1', 'C9']",knn,0.3912340433359084
36,"['C1', 'C9']",dt,0.46513802730824916
37,"['C1', 'C9']",gnbayes,0.5486514492760427
38,"['C1', 'C9']",comnbayes,0.5820026636980999
39,"['C1', 'C9']",svc,0.49711650860657947
40,"['C1', 'C13']",knn,0.40366855548202285
41,"['C1', 'C13']",dt,0.48208755530184105
42,"['C1', 'C13']",gnbayes,0.5404808957259049
43,"['C1', 'C13']",comnbayes,0.5705809683885356
44,"['C1', 'C13']",svc,0.49257212602230044
45,"['C1', 'C14']",knn,0.39979245568853206
46,"['C1', 'C14']",dt,0.4864899519593716
47,"['C1', 'C14']",gnbayes,0.556969689953126
48,"['C1', 'C14']",comnbayes,0.5934413657795883
49,"['C1', 'C14']",svc,0.5024003828927135
50,"['C1', 'C16']",knn,0.4198277537510603
51,"['C1', 'C16']",dt,0.47536095515481314
52,"['C1', 'C16']",gnbayes,0.5582508289591039
53,"['C1', 'C16']",comnbayes,0.5770086199602746
54,"['C1', 'C16']",svc,0.5061613168061795
55,"['C1', 'C18']",knn,0.4178676270791102
56,"['C1', 'C18']",dt,0.48378200778639213
57,"['C1', 'C18']",gnbayes,0.5483640176161831
58,"['C1', 'C18']",comnbayes,0.5888933798940166
59,"['C1', 'C18']",svc,0.49708278660301336
60,"['C1', 'C19']",knn,0.36969171178204446
61,"['C1', 'C19']",dt,0.4907084147127991
62,"['C1', 'C19']",gnbayes,0.5524534901398346
63,"['C1', 'C19']",comnbayes,0.590685476184482
64,"['C1', 'C19']",svc,0.5059561216378263
65,"['C1', 'C20']",knn,0.4393820354617697
66,"['C1', 'C20']",dt,0.46415472937123897
67,"['C1', 'C20']",gnbayes,0.556803046901156
68,"['C1', 'C20']",comnbayes,0.5904641781286512
69,"['C1', 'C20']",svc,0.5171142052515247
70,"['C1', 'C21']",knn,0.3583123106689129
71,"['C1', 'C21']",dt,0.46132102442252815
72,"['C1', 'C21']",gnbayes,0.5503679047217422
73,"['C1', 'C21']",comnbayes,0.5659446463880764
74,"['C1', 'C21']",svc,0.4848133975340714
75,"['C1', 'C22']",knn,0.3726268590419955
76,"['C1', 'C22']",dt,0.48378200778639213
77,"['C1', 'C22']",gnbayes,0.5590500064580837
78,"['C1', 'C22']",comnbayes,0.5863543029052611
79,"['C1', 'C22']",svc,0.5117706344724978
80,"['C1', 'C23']",knn,0.4033584575929319
81,"['C1', 'C23']",dt,0.47629780117175075
82,"['C1', 'C23']",gnbayes,0.5687125536421954
83,"['C1', 'C23']",comnbayes,0.593601744666171
84,"['C1', 'C23']",svc,0.5335188209388501
85,"['C1', 'C24']",knn,0.4057596215747692
86,"['C1', 'C24']",dt,0.4773639157268733
87,"['C1', 'C24']",gnbayes,0.5644359034820485
88,"['C1', 'C24']",comnbayes,0.590080792627482
89,"['C1', 'C24']",svc,0.5185326283623496
90,"['C1', 'C27']",knn,0.3968204751900405
91,"['C1', 'C27']",dt,0.46408771700150114
92,"['C1', 'C27']",gnbayes,0.5511320015013413
93,"['C1', 'C27']",comnbayes,0.5853278323506753
94,"['C1', 'C27']",svc,0.5360961562751823
95,"['C1', 'C28']",knn,0.38637228483300917
96,"['C1', 'C28']",dt,0.4828466336367323
97,"['C1', 'C28']",gnbayes,0.5584904613512405
98,"['C1', 'C28']",comnbayes,0.5781094443680377
99,"['C1', 'C28']",svc,0.5264147626331651
100,"['C1', 'C29']",knn,0.4151065059601645
101,"['C1', 'C29']",dt,0.48378200778639213
102,"['C1', 'C29']",gnbayes,0.5539900208372147
103,"['C1', 'C29']",comnbayes,0.5903710472695137
104,"['C1', 'C29']",svc,0.5146605568543976
105,"['C3', 'C4']",knn,0.3876679693460009
106,"['C3', 'C4']",dt,0.41404115220005605
107,"['C3', 'C4']",gnbayes,0.5228123075592516
108,"['C3', 'C4']",comnbayes,0.5777805660941938
109,"['C3', 'C4']",svc,0.4923902154317533
110,"['C3', 'C5']",knn,0.38875732394693585
111,"['C3', 'C5']",dt,0.4883170142709857
112,"['C3', 'C5']",gnbayes,0.5203648494776556
113,"['C3', 'C5']",comnbayes,0.5790058625640477
114,"['C3', 'C5']",svc,0.4869730834408486
115,"['C3', 'C6']",knn,0.36480010229522214
116,"['C3', 'C6']",dt,0.40467074003320924
117,"['C3', 'C6']",gnbayes,0.5066273834127766
118,"['C3', 'C6']",comnbayes,0.5663181693245554
119,"['C3', 'C6']",svc,0.4989055936353196
120,"['C3', 'C7']",knn,0.33468536518660413
121,"['C3', 'C7']",dt,0.3849851135762183
122,"['C3', 'C7']",gnbayes,0.4712030761406611
123,"['C3', 'C7']",comnbayes,0.5138878487945253
124,"['C3', 'C7']",svc,0.40135694505933317
125,"['C3', 'C8']",knn,0.4039988626219483
126,"['C3', 'C8']",dt,0.485156358031832
127,"['C3', 'C8']",gnbayes,0.5319420699966316
128,"['C3', 'C8']",comnbayes,0.5850538861005764
129,"['C3', 'C8']",svc,0.4959492052813051
130,"['C3', 'C9']",knn,0.3524295085324497
131,"['C3', 'C9']",dt,0.46891553628259175
132,"['C3', 'C9']",gnbayes,0.5349736346620845
133,"['C3', 'C9']",comnbayes,0.5826359551757984
134,"['C3', 'C9']",svc,0.5082584041992586
135,"['C3', 'C13']",knn,0.36948763913563903
136,"['C3', 'C13']",dt,0.4653868114434343
137,"['C3', 'C13']",gnbayes,0.5366139147194342
138,"['C3', 'C13']",comnbayes,0.582117531144034
139,"['C3', 'C13']",svc,0.4816001892117464
140,"['C3', 'C14']",knn,0.36460243511089074
141,"['C3', 'C14']",dt,0.48799769569444085
142,"['C3', 'C14']",gnbayes,0.5385458096406592
143,"['C3', 'C14']",comnbayes,0.5912022167841877
144,"['C3', 'C14']",svc,0.5169931338762978
145,"['C3', 'C16']",knn,0.42249509006946073
146,"['C3', 'C16']",dt,0.4681075193978944
147,"['C3', 'C16']",gnbayes,0.5350330969294833
148,"['C3', 'C16']",comnbayes,0.5917408683630032
149,"['C3', 'C16']",svc,0.5065601447979241
150,"['C3', 'C18']",knn,0.38778869745214556
151,"['C3', 'C18']",dt,0.4834737150293452
152,"['C3', 'C18']",gnbayes,0.5249588823331545
153,"['C3', 'C18']",comnbayes,0.5870955658643163
154,"['C3', 'C18']",svc,0.5049055951904896
155,"['C3', 'C19']",knn,0.387865934191426
156,"['C3', 'C19']",dt,0.47482729713270705
157,"['C3', 'C19']",gnbayes,0.5370775056850732
158,"['C3', 'C19']",comnbayes,0.598447242002143
159,"['C3', 'C19']",svc,0.5050085833863059
160,"['C3', 'C20']",knn,0.3966072019066317
161,"['C3', 'C20']",dt,0.4755235778717086
162,"['C3', 'C20']",gnbayes,0.5340104086221353
163,"['C3', 'C20']",comnbayes,0.5894560260755171
164,"['C3', 'C20']",svc,0.5023788703871961
165,"['C3', 'C21']",knn,0.3610878445928838
166,"['C3', 'C21']",dt,0.48863618923458707
167,"['C3', 'C21']",gnbayes,0.5326869169497556
168,"['C3', 'C21']",comnbayes,0.5644572985426975
169,"['C3', 'C21']",svc,0.4809010668713986
170,"['C3', 'C22']",knn,0.3807307358081352
171,"['C3', 'C22']",dt,0.4707444281295044
172,"['C3', 'C22']",gnbayes,0.5357354501536811
173,"['C3', 'C22']",comnbayes,0.5852093988622393
174,"['C3', 'C22']",svc,0.5238917071718519
175,"['C3', 'C23']",knn,0.37188713593037925
176,"['C3', 'C23']",dt,0.4673321936520313
177,"['C3', 'C23']",gnbayes,0.5436030135693593
178,"['C3', 'C23']",comnbayes,0.583587984559984
179,"['C3', 'C23']",svc,0.503876171325597
180,"['C3', 'C24']",knn,0.3824472281371705
181,"['C3', 'C24']",dt,0.46938579475367337
182,"['C3', 'C24']",gnbayes,0.5420745345532645
183,"['C3', 'C24']",comnbayes,0.5949881582647994
184,"['C3', 'C24']",svc,0.5102933403206908
185,"['C3', 'C27']",knn,0.3900426053935736
186,"['C3', 'C27']",dt,0.4634933337883648
187,"['C3', 'C27']",gnbayes,0.5384299729489802
188,"['C3', 'C27']",comnbayes,0.5940827130643387
189,"['C3', 'C27']",svc,0.5157874598379826
190,"['C3', 'C28']",knn,0.39250101288388295
191,"['C3', 'C28']",dt,0.4667410327310645
192,"['C3', 'C28']",gnbayes,0.5248377138029279
193,"['C3', 'C28']",comnbayes,0.5897562852225334
194,"['C3', 'C28']",svc,0.5199035856578168
195,"['C3', 'C29']",knn,0.37725439394580434
196,"['C3', 'C29']",dt,0.47047158559174773
197,"['C3', 'C29']",gnbayes,0.5334170400304076
198,"['C3', 'C29']",comnbayes,0.5885843697343371
199,"['C3', 'C29']",svc,0.5259060414189269
200,"['C4', 'C5']",knn,0.43597283469327364
201,"['C4', 'C5']",dt,0.45829307733414276
202,"['C4', 'C5']",gnbayes,0.5197581151373052
203,"['C4', 'C5']",comnbayes,0.5744502756294981
204,"['C4', 'C5']",svc,0.4874786308976503
205,"['C4', 'C6']",knn,0.3613587989141024
206,"['C4', 'C6']",dt,0.4028406593757673
207,"['C4', 'C6']",gnbayes,0.5346399249984299
208,"['C4', 'C6']",comnbayes,0.5751567798283748
209,"['C4', 'C6']",svc,0.505898811111513
210,"['C4', 'C7']",knn,0.3196232188858394
211,"['C4', 'C7']",dt,0.3807602870955638
212,"['C4', 'C7']",gnbayes,0.48336928178741234
213,"['C4', 'C7']",comnbayes,0.5130713874273278
214,"['C4', 'C7']",svc,0.40673775017213315
215,"['C4', 'C8']",knn,0.41596583295538
216,"['C4', 'C8']",dt,0.43430555094663664
217,"['C4', 'C8']",gnbayes,0.5523526808841862
218,"['C4', 'C8']",comnbayes,0.5664420114468365
219,"['C4', 'C8']",svc,0.5034195158857216
220,"['C4', 'C9']",knn,0.40926273476241387
221,"['C4', 'C9']",dt,0.4433405795203318
222,"['C4', 'C9']",gnbayes,0.5339930360308893
223,"['C4', 'C9']",comnbayes,0.5626050700869806
224,"['C4', 'C9']",svc,0.4795891661349896
225,"['C4', 'C13']",knn,0.3802670117816769
226,"['C4', 'C13']",dt,0.4259721089447533
227,"['C4', 'C13']",gnbayes,0.5223756508426795
228,"['C4', 'C13']",comnbayes,0.5754364082106622
229,"['C4', 'C13']",svc,0.4918792259764439
230,"['C4', 'C14']",knn,0.39120078503057226
231,"['C4', 'C14']",dt,0.4489737648866793
232,"['C4', 'C14']",gnbayes,0.5577299439549832
233,"['C4', 'C14']",comnbayes,0.5848260985450076
234,"['C4', 'C14']",svc,0.5045925162629412
235,"['C4', 'C16']",knn,0.4003524209057064
236,"['C4', 'C16']",dt,0.43989368555899955
237,"['C4', 'C16']",gnbayes,0.5591994147427847
238,"['C4', 'C16']",comnbayes,0.5886381818889797
239,"['C4', 'C16']",svc,0.5053323174064828
240,"['C4', 'C18']",knn,0.39669324924146254
241,"['C4', 'C18']",dt,0.4292923689806381
242,"['C4', 'C18']",gnbayes,0.542188347083787
243,"['C4', 'C18']",comnbayes,0.5775277120212877
244,"['C4', 'C18']",svc,0.5033513925435029
245,"['C4', 'C19']",knn,0.3612647642340113
246,"['C4', 'C19']",dt,0.4223780044603682
247,"['C4', 'C19']",gnbayes,0.5468538602156723
248,"['C4', 'C19']",comnbayes,0.5982329239233428
249,"['C4', 'C19']",svc,0.5062183171295729
250,"['C4', 'C20']",knn,0.42008120982107533
251,"['C4', 'C20']",dt,0.43909667370467576
252,"['C4', 'C20']",gnbayes,0.5558981223737897
253,"['C4', 'C20']",comnbayes,0.5832621856239528
254,"['C4', 'C20']",svc,0.5149032699785447
255,"['C4', 'C21']",knn,0.3636247865072834
256,"['C4', 'C21']",dt,0.45429859273796175
257,"['C4', 'C21']",gnbayes,0.5327660692238215
258,"['C4', 'C21']",comnbayes,0.5814887947326819
259,"['C4', 'C21']",svc,0.48610334790044185
260,"['C4', 'C22']",knn,0.42199110118237193
261,"['C4', 'C22']",dt,0.43998444335190456
262,"['C4', 'C22']",gnbayes,0.5516254596821089
263,"['C4', 'C22']",comnbayes,0.5863177386841724
264,"['C4', 'C22']",svc,0.5255178675385955
265,"['C4', 'C23']",knn,0.3827926990821883
266,"['C4', 'C23']",dt,0.4397856001221059
267,"['C4', 'C23']",gnbayes,0.5635706827148075
268,"['C4', 'C23']",comnbayes,0.5862606966742325
269,"['C4', 'C23']",svc,0.5390568832213836
270,"['C4', 'C24']",knn,0.4223604809178144
271,"['C4', 'C24']",dt,0.42551523285745796
272,"['C4', 'C24']",gnbayes,0.5478446500748543
273,"['C4', 'C24']",comnbayes,0.5810773308351823
274,"['C4', 'C24']",svc,0.5119735296669014
275,"['C4', 'C27']",knn,0.4560800366816248
276,"['C4', 'C27']",dt,0.4759296990379913
277,"['C4', 'C27']",gnbayes,0.5489858103839558
278,"['C4', 'C27']",comnbayes,0.582622293719888
279,"['C4', 'C27']",svc,0.5310700385118102
280,"['C4', 'C28']",knn,0.4059750557424976
281,"['C4', 'C28']",dt,0.41358052851511207
282,"['C4', 'C28']",gnbayes,0.542925503098759
283,"['C4', 'C28']",comnbayes,0.5737732390249811
284,"['C4', 'C28']",svc,0.5025901270395159
285,"['C4', 'C29']",knn,0.37015632618573796
286,"['C4', 'C29']",dt,0.4541321678788817
287,"['C4', 'C29']",gnbayes,0.5563296125875046
288,"['C4', 'C29']",comnbayes,0.583132414489478
289,"['C4', 'C29']",svc,0.5186980955847366
290,"['C5', 'C6']",knn,0.39999023350529805
291,"['C5', 'C6']",dt,0.4649946614180531
292,"['C5', 'C6']",gnbayes,0.513942394042743
293,"['C5', 'C6']",comnbayes,0.5814510986966404
294,"['C5', 'C6']",svc,0.49519394943631767
295,"['C5', 'C7']",knn,0.2765077500774064
296,"['C5', 'C7']",dt,0.3793713365057397
297,"['C5', 'C7']",gnbayes,0.4543801780160745
298,"['C5', 'C7']",comnbayes,0.505003349055919
299,"['C5', 'C7']",svc,0.3839939879715737
300,"['C5', 'C8']",knn,0.3966739871219675
301,"['C5', 'C8']",dt,0.4191677927490134
302,"['C5', 'C8']",gnbayes,0.5486504367148556
303,"['C5', 'C8']",comnbayes,0.5732013312240214
304,"['C5', 'C8']",svc,0.5082557711617574
305,"['C5', 'C9']",knn,0.40390305308701785
306,"['C5', 'C9']",dt,0.46861363380529114
307,"['C5', 'C9']",gnbayes,0.5440373944881877
308,"['C5', 'C9']",comnbayes,0.5697728650666308
309,"['C5', 'C9']",svc,0.48054120105701825
310,"['C5', 'C13']",knn,0.38752306482143695
311,"['C5', 'C13']",dt,0.4773303198537898
312,"['C5', 'C13']",gnbayes,0.5590965161260679
313,"['C5', 'C13']",comnbayes,0.5797115858731006
314,"['C5', 'C13']",svc,0.4883470370057486
315,"['C5', 'C14']",knn,0.3738502506265664
316,"['C5', 'C14']",dt,0.47919298836143404
317,"['C5', 'C14']",gnbayes,0.5488675964195348
318,"['C5', 'C14']",comnbayes,0.5879232184860836
319,"['C5', 'C14']",svc,0.4944956786291452
320,"['C5', 'C16']",knn,0.3999144163831168
321,"['C5', 'C16']",dt,0.48561450778150955
322,"['C5', 'C16']",gnbayes,0.5326042066005522
323,"['C5', 'C16']",comnbayes,0.5961525523250725
324,"['C5', 'C16']",svc,0.484216870844426
325,"['C5', 'C18']",knn,0.4107322152177121
326,"['C5', 'C18']",dt,0.4819779177177919
327,"['C5', 'C18']",gnbayes,0.5194653907506175
328,"['C5', 'C18']",comnbayes,0.5772531470957675
329,"['C5', 'C18']",svc,0.48567722230488186
330,"['C5', 'C19']",knn,0.3995289929469759
331,"['C5', 'C19']",dt,0.48810574641744003
332,"['C5', 'C19']",gnbayes,0.5302883666041561
333,"['C5', 'C19']",comnbayes,0.5907614695025313
334,"['C5', 'C19']",svc,0.4959066038522971
335,"['C5', 'C20']",knn,0.4022570976229513
336,"['C5', 'C20']",dt,0.4814968839169718
337,"['C5', 'C20']",gnbayes,0.5389008202463927
338,"['C5', 'C20']",comnbayes,0.5893918945126563
339,"['C5', 'C20']",svc,0.4909960898024123
340,"['C5', 'C21']",knn,0.37897420612321675
341,"['C5', 'C21']",dt,0.4759967330805841
342,"['C5', 'C21']",gnbayes,0.5327327846096404
343,"['C5', 'C21']",comnbayes,0.5847707807327375
344,"['C5', 'C21']",svc,0.4791117778479606
345,"['C5', 'C22']",knn,0.4005261905001142
346,"['C5', 'C22']",dt,0.47369210182795884
347,"['C5', 'C22']",gnbayes,0.5358482502142348
348,"['C5', 'C22']",comnbayes,0.5854529215824431
349,"['C5', 'C22']",svc,0.4883880911694667
350,"['C5', 'C23']",knn,0.41911474937102194
351,"['C5', 'C23']",dt,0.4969531383175025
352,"['C5', 'C23']",gnbayes,0.5419596711760256
353,"['C5', 'C23']",comnbayes,0.5862236236656123
354,"['C5', 'C23']",svc,0.501540551321938
355,"['C5', 'C24']",knn,0.41255297015022413
356,"['C5', 'C24']",dt,0.46378768990690455
357,"['C5', 'C24']",gnbayes,0.5665157077023473
358,"['C5', 'C24']",comnbayes,0.5902257297510525
359,"['C5', 'C24']",svc,0.4740864101071381
360,"['C5', 'C27']",knn,0.41037791974931004
361,"['C5', 'C27']",dt,0.4937619302708409
362,"['C5', 'C27']",gnbayes,0.5406459284264753
363,"['C5', 'C27']",comnbayes,0.5865254407123955
364,"['C5', 'C27']",svc,0.5124853305281644
365,"['C5', 'C28']",knn,0.3763133299197635
366,"['C5', 'C28']",dt,0.48106824783802243
367,"['C5', 'C28']",gnbayes,0.5405002538878847
368,"['C5', 'C28']",comnbayes,0.5947050536497283
369,"['C5', 'C28']",svc,0.5036440389964748
370,"['C5', 'C29']",knn,0.39646568117630143
371,"['C5', 'C29']",dt,0.47936866898552494
372,"['C5', 'C29']",gnbayes,0.5379564215460085
373,"['C5', 'C29']",comnbayes,0.5868924877093266
374,"['C5', 'C29']",svc,0.5047912623500703
375,"['C6', 'C7']",knn,0.3017656152971958
376,"['C6', 'C7']",dt,0.3943436848843805
377,"['C6', 'C7']",gnbayes,0.43086909360518816
378,"['C6', 'C7']",comnbayes,0.5346356114325133
379,"['C6', 'C7']",svc,0.3893076387040403
380,"['C6', 'C8']",knn,0.35611058745846935
381,"['C6', 'C8']",dt,0.47778845196757985
382,"['C6', 'C8']",gnbayes,0.523458295076443
383,"['C6', 'C8']",comnbayes,0.5822124830806483
384,"['C6', 'C8']",svc,0.49827462156795344
385,"['C6', 'C9']",knn,0.38889773773211095
386,"['C6', 'C9']",dt,0.42715955193378674
387,"['C6', 'C9']",gnbayes,0.5235753167927081
388,"['C6', 'C9']",comnbayes,0.5627422613681211
389,"['C6', 'C9']",svc,0.4873168369383425
390,"['C6', 'C13']",knn,0.3957346793567245
391,"['C6', 'C13']",dt,0.37199598066866235
392,"['C6', 'C13']",gnbayes,0.5354097177899382
393,"['C6', 'C13']",comnbayes,0.5629344149495685
394,"['C6', 'C13']",svc,0.491124228781705
395,"['C6', 'C14']",knn,0.3829591777730418
396,"['C6', 'C14']",dt,0.4071010732339527
397,"['C6', 'C14']",gnbayes,0.5234530150357235
398,"['C6', 'C14']",comnbayes,0.5727322086314167
399,"['C6', 'C14']",svc,0.503953314990919
400,"['C6', 'C16']",knn,0.3719201473288973
401,"['C6', 'C16']",dt,0.4006567961092037
402,"['C6', 'C16']",gnbayes,0.5277406731054575
403,"['C6', 'C16']",comnbayes,0.5700054702309563
404,"['C6', 'C16']",svc,0.5014578681571242
405,"['C6', 'C18']",knn,0.37648906862642423
406,"['C6', 'C18']",dt,0.40596085408032756
407,"['C6', 'C18']",gnbayes,0.5248698565309909
408,"['C6', 'C18']",comnbayes,0.5714110640223007
409,"['C6', 'C18']",svc,0.5146040911053216
410,"['C6', 'C19']",knn,0.33836520264830533
411,"['C6', 'C19']",dt,0.40180228891698333
412,"['C6', 'C19']",gnbayes,0.5139096653473689
413,"['C6', 'C19']",comnbayes,0.5783638130651714
414,"['C6', 'C19']",svc,0.503904100825283
415,"['C6', 'C20']",knn,0.36180100139827875
416,"['C6', 'C20']",dt,0.41719301256026203
417,"['C6', 'C20']",gnbayes,0.5306780763004287
418,"['C6', 'C20']",comnbayes,0.5738438378709689
419,"['C6', 'C20']",svc,0.5041862578110037
420,"['C6', 'C21']",knn,0.34847532407224324
421,"['C6', 'C21']",dt,0.4015146045470435
422,"['C6', 'C21']",gnbayes,0.5315618408652487
423,"['C6', 'C21']",comnbayes,0.5653659753737685
424,"['C6', 'C21']",svc,0.5036839691473839
425,"['C6', 'C22']",knn,0.37342562109264127
426,"['C6', 'C22']",dt,0.3967435764333636
427,"['C6', 'C22']",gnbayes,0.5209462489837218
428,"['C6', 'C22']",comnbayes,0.569427223687268
429,"['C6', 'C22']",svc,0.5112227001874713
430,"['C6', 'C23']",knn,0.3894915563336616
431,"['C6', 'C23']",dt,0.40817909518808104
432,"['C6', 'C23']",gnbayes,0.5337564836399425
433,"['C6', 'C23']",comnbayes,0.5735316337626821
434,"['C6', 'C23']",svc,0.533559069033792
435,"['C6', 'C24']",knn,0.3843635140019891
436,"['C6', 'C24']",dt,0.4087202496420598
437,"['C6', 'C24']",gnbayes,0.5323548677933653
438,"['C6', 'C24']",comnbayes,0.580231421294785
439,"['C6', 'C24']",svc,0.506361976142534
440,"['C6', 'C27']",knn,0.40507835469603626
441,"['C6', 'C27']",dt,0.4064204851234626
442,"['C6', 'C27']",gnbayes,0.522874220686151
443,"['C6', 'C27']",comnbayes,0.5709873005060851
444,"['C6', 'C27']",svc,0.5154362616723351
445,"['C6', 'C28']",knn,0.3587141874293577
446,"['C6', 'C28']",dt,0.4008975874951938
447,"['C6', 'C28']",gnbayes,0.5285432571111275
448,"['C6', 'C28']",comnbayes,0.5877178632028289
449,"['C6', 'C28']",svc,0.5086501619903416
450,"['C6', 'C29']",knn,0.3752868961020437
451,"['C6', 'C29']",dt,0.404658085847577
452,"['C6', 'C29']",gnbayes,0.5290336839577113
453,"['C6', 'C29']",comnbayes,0.5764543094108932
454,"['C6', 'C29']",svc,0.5064004289935966
455,"['C7', 'C8']",knn,0.2802728407991566
456,"['C7', 'C8']",dt,0.3897399144566366
457,"['C7', 'C8']",gnbayes,0.47761194412703817
458,"['C7', 'C8']",comnbayes,0.5290729900104788
459,"['C7', 'C8']",svc,0.41547833870518847
460,"['C7', 'C9']",knn,0.3327776881809201
461,"['C7', 'C9']",dt,0.3977593945595291
462,"['C7', 'C9']",gnbayes,0.4885556189761372
463,"['C7', 'C9']",comnbayes,0.5219381760308315
464,"['C7', 'C9']",svc,0.4045967358591943
465,"['C7', 'C13']",knn,0.32623452245403467
466,"['C7', 'C13']",dt,0.3857427923529243
467,"['C7', 'C13']",gnbayes,0.4806379924566325
468,"['C7', 'C13']",comnbayes,0.5216146249904113
469,"['C7', 'C13']",svc,0.41297454549767226
470,"['C7', 'C14']",knn,0.2932751187452624
471,"['C7', 'C14']",dt,0.39428469116151016
472,"['C7', 'C14']",gnbayes,0.49238526464999965
473,"['C7', 'C14']",comnbayes,0.5308284833991982
474,"['C7', 'C14']",svc,0.4035535788638075
475,"['C7', 'C16']",knn,0.299984609698412
476,"['C7', 'C16']",dt,0.3975614674612238
477,"['C7', 'C16']",gnbayes,0.4765456208165559
478,"['C7', 'C16']",comnbayes,0.5279331698690631
479,"['C7', 'C16']",svc,0.4083126544458507
480,"['C7', 'C18']",knn,0.3352239445147019
481,"['C7', 'C18']",dt,0.4052968031432183
482,"['C7', 'C18']",gnbayes,0.4855387945452213
483,"['C7', 'C18']",comnbayes,0.5271312708998244
484,"['C7', 'C18']",svc,0.3946134493390779
485,"['C7', 'C19']",knn,0.32863472904512575
486,"['C7', 'C19']",dt,0.41101810555366614
487,"['C7', 'C19']",gnbayes,0.4752791422532008
488,"['C7', 'C19']",comnbayes,0.5185820141041948
489,"['C7', 'C19']",svc,0.3961884957982787
490,"['C7', 'C20']",knn,0.32028892570499456
491,"['C7', 'C20']",dt,0.40482309991089493
492,"['C7', 'C20']",gnbayes,0.47538370101475225
493,"['C7', 'C20']",comnbayes,0.5232416731163695
494,"['C7', 'C20']",svc,0.4212488705379819
495,"['C7', 'C21']",knn,0.3103922784353868
496,"['C7', 'C21']",dt,0.3727419526326678
497,"['C7', 'C21']",gnbayes,0.481965225577377
498,"['C7', 'C21']",comnbayes,0.5225612669636627
499,"['C7', 'C21']",svc,0.4043994185881779
500,"['C7', 'C22']",knn,0.2941151294054188
501,"['C7', 'C22']",dt,0.4104898813975991
502,"['C7', 'C22']",gnbayes,0.4778616479052685
503,"['C7', 'C22']",comnbayes,0.5256466042556879
504,"['C7', 'C22']",svc,0.4225127247249386
505,"['C7', 'C23']",knn,0.3320792702022819
506,"['C7', 'C23']",dt,0.3960387831892468
507,"['C7', 'C23']",gnbayes,0.4783414778774744
508,"['C7', 'C23']",comnbayes,0.5245877954968181
509,"['C7', 'C23']",svc,0.4349785194280645
510,"['C7', 'C24']",knn,0.32393163060207864
511,"['C7', 'C24']",dt,0.3999440447733954
512,"['C7', 'C24']",gnbayes,0.49043867020263976
513,"['C7', 'C24']",comnbayes,0.5198730705128962
514,"['C7', 'C24']",svc,0.42645620471671364
515,"['C7', 'C27']",knn,0.31016556175242904
516,"['C7', 'C27']",dt,0.3950377017357138
517,"['C7', 'C27']",gnbayes,0.48055625641191524
518,"['C7', 'C27']",comnbayes,0.5277421827029836
519,"['C7', 'C27']",svc,0.4288442300766916
520,"['C7', 'C28']",knn,0.30875508894311277
521,"['C7', 'C28']",dt,0.3898149471540823
522,"['C7', 'C28']",gnbayes,0.4808548979692153
523,"['C7', 'C28']",comnbayes,0.5243376595141302
524,"['C7', 'C28']",svc,0.4381640926050238
525,"['C7', 'C29']",knn,0.3269914125760918
526,"['C7', 'C29']",dt,0.39321313164796506
527,"['C7', 'C29']",gnbayes,0.48138841959100154
528,"['C7', 'C29']",comnbayes,0.5260340084769594
529,"['C7', 'C29']",svc,0.4036200483435457
530,"['C8', 'C9']",knn,0.39569461971191977
531,"['C8', 'C9']",dt,0.4516817115542189
532,"['C8', 'C9']",gnbayes,0.5458317679477542
533,"['C8', 'C9']",comnbayes,0.584494220466732
534,"['C8', 'C9']",svc,0.5143147135978279
535,"['C8', 'C13']",knn,0.4054524354843047
536,"['C8', 'C13']",dt,0.4510536500950799
537,"['C8', 'C13']",gnbayes,0.5498180976295909
538,"['C8', 'C13']",comnbayes,0.5896683428391886
539,"['C8', 'C13']",svc,0.5143252583541933
540,"['C8', 'C14']",knn,0.34868409743409745
541,"['C8', 'C14']",dt,0.48043846136197554
542,"['C8', 'C14']",gnbayes,0.5571774339544222
543,"['C8', 'C14']",comnbayes,0.5924606602045738
544,"['C8', 'C14']",svc,0.5000888873811232
545,"['C8', 'C16']",knn,0.44102415743646023
546,"['C8', 'C16']",dt,0.45085533955479384
547,"['C8', 'C16']",gnbayes,0.5543410471992335
548,"['C8', 'C16']",comnbayes,0.5915686748619422
549,"['C8', 'C16']",svc,0.5079753824162533
550,"['C8', 'C18']",knn,0.39998103289545395
551,"['C8', 'C18']",dt,0.46765694222297977
552,"['C8', 'C18']",gnbayes,0.548385632807488
553,"['C8', 'C18']",comnbayes,0.5883001875384899
554,"['C8', 'C18']",svc,0.5088349397019233
555,"['C8', 'C19']",knn,0.35919536647022643
556,"['C8', 'C19']",dt,0.4748001805036576
557,"['C8', 'C19']",gnbayes,0.5509550647854169
558,"['C8', 'C19']",comnbayes,0.600139538348831
559,"['C8', 'C19']",svc,0.5039558911918887
560,"['C8', 'C20']",knn,0.4262444682528539
561,"['C8', 'C20']",dt,0.4612958484768706
562,"['C8', 'C20']",gnbayes,0.5493092249819098
563,"['C8', 'C20']",comnbayes,0.5899127684432994
564,"['C8', 'C20']",svc,0.5118226932294516
565,"['C8', 'C21']",knn,0.3955540906760419
566,"['C8', 'C21']",dt,0.4732246240919009
567,"['C8', 'C21']",gnbayes,0.5468474598391202
568,"['C8', 'C21']",comnbayes,0.5872092280923205
569,"['C8', 'C21']",svc,0.5122402375739079
570,"['C8', 'C22']",knn,0.3796223297550736
571,"['C8', 'C22']",dt,0.47723695497190877
572,"['C8', 'C22']",gnbayes,0.5563681227422382
573,"['C8', 'C22']",comnbayes,0.5871319854302646
574,"['C8', 'C22']",svc,0.5249851239414878
575,"['C8', 'C23']",knn,0.39603779788809446
576,"['C8', 'C23']",dt,0.4676418693831207
577,"['C8', 'C23']",gnbayes,0.5694749473433364
578,"['C8', 'C23']",comnbayes,0.5862201029512178
579,"['C8', 'C23']",svc,0.5395797142663762
580,"['C8', 'C24']",knn,0.41351271892536773
581,"['C8', 'C24']",dt,0.4809461349983352
582,"['C8', 'C24']",gnbayes,0.5711297217874309
583,"['C8', 'C24']",comnbayes,0.5937297316407664
584,"['C8', 'C24']",svc,0.5080500134260495
585,"['C8', 'C27']",knn,0.37553906526470915
586,"['C8', 'C27']",dt,0.4650126403146137
587,"['C8', 'C27']",gnbayes,0.5509523569290495
588,"['C8', 'C27']",comnbayes,0.5898521417700693
589,"['C8', 'C27']",svc,0.5205080697597542
590,"['C8', 'C28']",knn,0.3730039944763651
591,"['C8', 'C28']",dt,0.47234113432657904
592,"['C8', 'C28']",gnbayes,0.5544471080444703
593,"['C8', 'C28']",comnbayes,0.5933065869837234
594,"['C8', 'C28']",svc,0.5062683904119698
595,"['C8', 'C29']",knn,0.3949364406312789
596,"['C8', 'C29']",dt,0.4641377942485964
597,"['C8', 'C29']",gnbayes,0.5517196656499666
598,"['C8', 'C29']",comnbayes,0.5894070955690226
599,"['C8', 'C29']",svc,0.546175266710019
600,"['C9', 'C13']",knn,0.40480107069147486
601,"['C9', 'C13']",dt,0.4577873048639711
602,"['C9', 'C13']",gnbayes,0.5326689031069312
603,"['C9', 'C13']",comnbayes,0.5791430772582765
604,"['C9', 'C13']",svc,0.4792384431534062
605,"['C9', 'C14']",knn,0.36890372756226414
606,"['C9', 'C14']",dt,0.4707130847652329
607,"['C9', 'C14']",gnbayes,0.5469506978259993
608,"['C9', 'C14']",comnbayes,0.5933187757707667
609,"['C9', 'C14']",svc,0.49649863792473237
610,"['C9', 'C16']",knn,0.3836480402326662
611,"['C9', 'C16']",dt,0.4541172053876319
612,"['C9', 'C16']",gnbayes,0.5488473676589996
613,"['C9', 'C16']",comnbayes,0.5860738052026109
614,"['C9', 'C16']",svc,0.5077622539337641
615,"['C9', 'C18']",knn,0.38876475911811975
616,"['C9', 'C18']",dt,0.4597978950504011
617,"['C9', 'C18']",gnbayes,0.5376822911409382
618,"['C9', 'C18']",comnbayes,0.582505231929997
619,"['C9', 'C18']",svc,0.5116158557040531
620,"['C9', 'C19']",knn,0.37661821136863677
621,"['C9', 'C19']",dt,0.46102889847809986
622,"['C9', 'C19']",gnbayes,0.5400016252655444
623,"['C9', 'C19']",comnbayes,0.6008581737923764
624,"['C9', 'C19']",svc,0.5066799690657152
625,"['C9', 'C20']",knn,0.4099954355248113
626,"['C9', 'C20']",dt,0.45962616863546196
627,"['C9', 'C20']",gnbayes,0.5510759915857366
628,"['C9', 'C20']",comnbayes,0.5903252239299273
629,"['C9', 'C20']",svc,0.5193361017644088
630,"['C9', 'C21']",knn,0.36872386691236136
631,"['C9', 'C21']",dt,0.4376200606624723
632,"['C9', 'C21']",gnbayes,0.5444870161952944
633,"['C9', 'C21']",comnbayes,0.5701503646284479
634,"['C9', 'C21']",svc,0.4864755394384126
635,"['C9', 'C22']",knn,0.38321342914206524
636,"['C9', 'C22']",dt,0.4652955987666669
637,"['C9', 'C22']",gnbayes,0.5457078802767918
638,"['C9', 'C22']",comnbayes,0.5918594915452087
639,"['C9', 'C22']",svc,0.5087697881837845
640,"['C9', 'C23']",knn,0.3900410360421705
641,"['C9', 'C23']",dt,0.4927099452477111
642,"['C9', 'C23']",gnbayes,0.5591592423171371
643,"['C9', 'C23']",comnbayes,0.5970071471386618
644,"['C9', 'C23']",svc,0.5347909676657774
645,"['C9', 'C24']",knn,0.40221014999074295
646,"['C9', 'C24']",dt,0.4757856575805448
647,"['C9', 'C24']",gnbayes,0.5529779547937442
648,"['C9', 'C24']",comnbayes,0.5937978824509397
649,"['C9', 'C24']",svc,0.5001920314442596
650,"['C9', 'C27']",knn,0.39621210669763207
651,"['C9', 'C27']",dt,0.4530103462461577
652,"['C9', 'C27']",gnbayes,0.5479537820013868
653,"['C9', 'C27']",comnbayes,0.5922730251090375
654,"['C9', 'C27']",svc,0.5257965811538876
655,"['C9', 'C28']",knn,0.4075812481298674
656,"['C9', 'C28']",dt,0.4590764162532076
657,"['C9', 'C28']",gnbayes,0.5417720528527626
658,"['C9', 'C28']",comnbayes,0.5851266711850082
659,"['C9', 'C28']",svc,0.5140116897660857
660,"['C9', 'C29']",knn,0.3945302832324058
661,"['C9', 'C29']",dt,0.4678349272536537
662,"['C9', 'C29']",gnbayes,0.5473994771368009
663,"['C9', 'C29']",comnbayes,0.5922733871998245
664,"['C9', 'C29']",svc,0.5082614955189684
665,"['C13', 'C14']",knn,0.41328304093416757
666,"['C13', 'C14']",dt,0.4835446929821606
667,"['C13', 'C14']",gnbayes,0.5493388320586065
668,"['C13', 'C14']",comnbayes,0.5865842767839138
669,"['C13', 'C14']",svc,0.48918564975933937
670,"['C13', 'C16']",knn,0.42597897829288023
671,"['C13', 'C16']",dt,0.47736807848535856
672,"['C13', 'C16']",gnbayes,0.5535886375746291
673,"['C13', 'C16']",comnbayes,0.5801848283756428
674,"['C13', 'C16']",svc,0.5020761941860599
675,"['C13', 'C18']",knn,0.4136605713747697
676,"['C13', 'C18']",dt,0.4836288101016333
677,"['C13', 'C18']",gnbayes,0.5402437878933849
678,"['C13', 'C18']",comnbayes,0.580581168981283
679,"['C13', 'C18']",svc,0.5111109466676207
680,"['C13', 'C19']",knn,0.37849364460243795
681,"['C13', 'C19']",dt,0.4872453408111334
682,"['C13', 'C19']",gnbayes,0.5402936573988206
683,"['C13', 'C19']",comnbayes,0.5872794322331387
684,"['C13', 'C19']",svc,0.5067453880305542
685,"['C13', 'C20']",knn,0.4187352321313572
686,"['C13', 'C20']",dt,0.4647430117536854
687,"['C13', 'C20']",gnbayes,0.547638019900211
688,"['C13', 'C20']",comnbayes,0.5834968530170576
689,"['C13', 'C20']",svc,0.5110275281700185
690,"['C13', 'C21']",knn,0.392403141754427
691,"['C13', 'C21']",dt,0.45289153737911503
692,"['C13', 'C21']",gnbayes,0.5284613230644154
693,"['C13', 'C21']",comnbayes,0.5779444479546983
694,"['C13', 'C21']",svc,0.5076399335974664
695,"['C13', 'C22']",knn,0.40986797533134167
696,"['C13', 'C22']",dt,0.4805259732222006
697,"['C13', 'C22']",gnbayes,0.5460493666455601
698,"['C13', 'C22']",comnbayes,0.5776402264505112
699,"['C13', 'C22']",svc,0.5001424566497914
700,"['C13', 'C23']",knn,0.41851357873135947
701,"['C13', 'C23']",dt,0.4731921166026297
702,"['C13', 'C23']",gnbayes,0.5473105274332057
703,"['C13', 'C23']",comnbayes,0.5893881645850187
704,"['C13', 'C23']",svc,0.5183598076685723
705,"['C13', 'C24']",knn,0.41833214658796053
706,"['C13', 'C24']",dt,0.4794672370112393
707,"['C13', 'C24']",gnbayes,0.5568364571541476
708,"['C13', 'C24']",comnbayes,0.5919531048873448
709,"['C13', 'C24']",svc,0.5031089715481709
710,"['C13', 'C27']",knn,0.4172500807930847
711,"['C13', 'C27']",dt,0.47973035697623806
712,"['C13', 'C27']",gnbayes,0.5450967285346688
713,"['C13', 'C27']",comnbayes,0.5850411704612395
714,"['C13', 'C27']",svc,0.5334046345811052
715,"['C13', 'C28']",knn,0.37767679328313347
716,"['C13', 'C28']",dt,0.47390658787941103
717,"['C13', 'C28']",gnbayes,0.5356522859529258
718,"['C13', 'C28']",comnbayes,0.5814632571586286
719,"['C13', 'C28']",svc,0.5090973382025521
720,"['C13', 'C29']",knn,0.3967503230347029
721,"['C13', 'C29']",dt,0.4805259732222006
722,"['C13', 'C29']",gnbayes,0.5490406681284801
723,"['C13', 'C29']",comnbayes,0.5815856527291174
724,"['C13', 'C29']",svc,0.5026919577981385
725,"['C14', 'C16']",knn,0.3693985346330787
726,"['C14', 'C16']",dt,0.48582638828828906
727,"['C14', 'C16']",gnbayes,0.5633373437671645
728,"['C14', 'C16']",comnbayes,0.5892712967148508
729,"['C14', 'C16']",svc,0.5126153227416608
730,"['C14', 'C18']",knn,0.389817057770158
731,"['C14', 'C18']",dt,0.4923176163584645
732,"['C14', 'C18']",gnbayes,0.5538143361813734
733,"['C14', 'C18']",comnbayes,0.5907093135461298
734,"['C14', 'C18']",svc,0.5026476002669342
735,"['C14', 'C19']",knn,0.34272043949522524
736,"['C14', 'C19']",dt,0.49717918889445567
737,"['C14', 'C19']",gnbayes,0.5579523703445971
738,"['C14', 'C19']",comnbayes,0.5961674555173365
739,"['C14', 'C19']",svc,0.5152862422130714
740,"['C14', 'C20']",knn,0.3893548730198281
741,"['C14', 'C20']",dt,0.46981056989490255
742,"['C14', 'C20']",gnbayes,0.562952705320886
743,"['C14', 'C20']",comnbayes,0.5933947922185835
744,"['C14', 'C20']",svc,0.5086423985150301
745,"['C14', 'C21']",knn,0.3797865764809073
746,"['C14', 'C21']",dt,0.4561550581172719
747,"['C14', 'C21']",gnbayes,0.5573598925736303
748,"['C14', 'C21']",comnbayes,0.5791782221942254
749,"['C14', 'C21']",svc,0.4963571657391874
750,"['C14', 'C22']",knn,0.3960066912120828
751,"['C14', 'C22']",dt,0.4889842830251312
752,"['C14', 'C22']",gnbayes,0.558381287249195
753,"['C14', 'C22']",comnbayes,0.5938003391211106
754,"['C14', 'C22']",svc,0.5253802849657092
755,"['C14', 'C23']",knn,0.39313142707401894
756,"['C14', 'C23']",dt,0.48462703075695635
757,"['C14', 'C23']",gnbayes,0.5736377305841708
758,"['C14', 'C23']",comnbayes,0.5981520319725828
759,"['C14', 'C23']",svc,0.5359011372534882
760,"['C14', 'C24']",knn,0.3877337285078536
761,"['C14', 'C24']",dt,0.4818186470063458
762,"['C14', 'C24']",gnbayes,0.5669240267289479
763,"['C14', 'C24']",comnbayes,0.599410338457443
764,"['C14', 'C24']",svc,0.4958873495141562
765,"['C14', 'C27']",knn,0.43020631299701073
766,"['C14', 'C27']",dt,0.4499053806949017
767,"['C14', 'C27']",gnbayes,0.5609229101689759
768,"['C14', 'C27']",comnbayes,0.5957430157384228
769,"['C14', 'C27']",svc,0.5537083897766306
770,"['C14', 'C28']",knn,0.36746045356517937
771,"['C14', 'C28']",dt,0.4854959109321079
772,"['C14', 'C28']",gnbayes,0.5555580560499698
773,"['C14', 'C28']",comnbayes,0.6001510824095854
774,"['C14', 'C28']",svc,0.5189263778150457
775,"['C14', 'C29']",knn,0.3734347523821208
776,"['C14', 'C29']",dt,0.4889842830251312
777,"['C14', 'C29']",gnbayes,0.5682352352514367
778,"['C14', 'C29']",comnbayes,0.5944864365934802
779,"['C14', 'C29']",svc,0.5084490744220895
780,"['C16', 'C18']",knn,0.4096451657488921
781,"['C16', 'C18']",dt,0.4858546095034508
782,"['C16', 'C18']",gnbayes,0.5539579782481237
783,"['C16', 'C18']",comnbayes,0.583664471541078
784,"['C16', 'C18']",svc,0.5139799390026891
785,"['C16', 'C19']",knn,0.3715158066656971
786,"['C16', 'C19']",dt,0.4896781795504251
787,"['C16', 'C19']",gnbayes,0.5493466399183998
788,"['C16', 'C19']",comnbayes,0.60192334635222
789,"['C16', 'C19']",svc,0.5156759355269103
790,"['C16', 'C20']",knn,0.4279448948264279
791,"['C16', 'C20']",dt,0.46938419797027275
792,"['C16', 'C20']",gnbayes,0.5555673631106092
793,"['C16', 'C20']",comnbayes,0.5931125313356445
794,"['C16', 'C20']",svc,0.5265067964908898
795,"['C16', 'C21']",knn,0.39932122703236533
796,"['C16', 'C21']",dt,0.46509363702019046
797,"['C16', 'C21']",gnbayes,0.5432694013885724
798,"['C16', 'C21']",comnbayes,0.5727874525870901
799,"['C16', 'C21']",svc,0.5015428975545511
800,"['C16', 'C22']",knn,0.4177394570707859
801,"['C16', 'C22']",dt,0.48275177262401814
802,"['C16', 'C22']",gnbayes,0.5569087490227085
803,"['C16', 'C22']",comnbayes,0.588025067842158
804,"['C16', 'C22']",svc,0.5179597045355382
805,"['C16', 'C23']",knn,0.402421310891663
806,"['C16', 'C23']",dt,0.4857729879624378
807,"['C16', 'C23']",gnbayes,0.5774824583935974
808,"['C16', 'C23']",comnbayes,0.5837134132666508
809,"['C16', 'C23']",svc,0.5349774330345392
810,"['C16', 'C24']",knn,0.41642800289141746
811,"['C16', 'C24']",dt,0.4825283048835455
812,"['C16', 'C24']",gnbayes,0.563786476439525
813,"['C16', 'C24']",comnbayes,0.5968901614202299
814,"['C16', 'C24']",svc,0.5204974450391199
815,"['C16', 'C27']",knn,0.40564577034718285
816,"['C16', 'C27']",dt,0.46756597787106646
817,"['C16', 'C27']",gnbayes,0.5593101097650688
818,"['C16', 'C27']",comnbayes,0.5860672230107637
819,"['C16', 'C27']",svc,0.5432038756443014
820,"['C16', 'C28']",knn,0.3951874693405525
821,"['C16', 'C28']",dt,0.47613238728122853
822,"['C16', 'C28']",gnbayes,0.5551652701138869
823,"['C16', 'C28']",comnbayes,0.5899696613818476
824,"['C16', 'C28']",svc,0.5087100792784534
825,"['C16', 'C29']",knn,0.40896296725714293
826,"['C16', 'C29']",dt,0.48275177262401814
827,"['C16', 'C29']",gnbayes,0.5609523223886199
828,"['C16', 'C29']",comnbayes,0.5847379361316415
829,"['C16', 'C29']",svc,0.5233066677275313
830,"['C18', 'C19']",knn,0.3651376038025589
831,"['C18', 'C19']",dt,0.4959389111666998
832,"['C18', 'C19']",gnbayes,0.5415555614733597
833,"['C18', 'C19']",comnbayes,0.5983755772426603
834,"['C18', 'C19']",svc,0.5094410135702899
835,"['C18', 'C20']",knn,0.41805758479782507
836,"['C18', 'C20']",dt,0.4810111820972569
837,"['C18', 'C20']",gnbayes,0.5447996521298408
838,"['C18', 'C20']",comnbayes,0.5841269862870406
839,"['C18', 'C20']",svc,0.5177430373723718
840,"['C18', 'C21']",knn,0.3679357547718015
841,"['C18', 'C21']",dt,0.4622637236816365
842,"['C18', 'C21']",gnbayes,0.5481692607569932
843,"['C18', 'C21']",comnbayes,0.5707577830888584
844,"['C18', 'C21']",svc,0.4988024746130336
845,"['C18', 'C22']",knn,0.40177468018219803
846,"['C18', 'C22']",dt,0.48901250424029286
847,"['C18', 'C22']",gnbayes,0.5484962333264221
848,"['C18', 'C22']",comnbayes,0.5826696606838611
849,"['C18', 'C22']",svc,0.5204335524670898
850,"['C18', 'C23']",knn,0.3972063373104379
851,"['C18', 'C23']",dt,0.4844691502617307
852,"['C18', 'C23']",gnbayes,0.5741107831593275
853,"['C18', 'C23']",comnbayes,0.5850657136535398
854,"['C18', 'C23']",svc,0.5246185222056303
855,"['C18', 'C24']",knn,0.38463565039079906
856,"['C18', 'C24']",dt,0.4887890364998202
857,"['C18', 'C24']",gnbayes,0.5521798106362674
858,"['C18', 'C24']",comnbayes,0.5973508934693535
859,"['C18', 'C24']",svc,0.5120567299190635
860,"['C18', 'C27']",knn,0.3991518757660766
861,"['C18', 'C27']",dt,0.4656021535816607
862,"['C18', 'C27']",gnbayes,0.5443850005871785
863,"['C18', 'C27']",comnbayes,0.5790478246362539
864,"['C18', 'C27']",svc,0.5472871975942057
865,"['C18', 'C28']",knn,0.3908393471551367
866,"['C18', 'C28']",dt,0.4792902820180706
867,"['C18', 'C28']",gnbayes,0.5447590187590188
868,"['C18', 'C28']",comnbayes,0.593690598734921
869,"['C18', 'C28']",svc,0.5140987336933603
870,"['C18', 'C29']",knn,0.4126520833223964
871,"['C18', 'C29']",dt,0.48901250424029286
872,"['C18', 'C29']",gnbayes,0.5540714497574107
873,"['C18', 'C29']",comnbayes,0.5922866751818818
874,"['C18', 'C29']",svc,0.5118988735568687
875,"['C19', 'C20']",knn,0.37973609886094584
876,"['C19', 'C20']",dt,0.481092071133438
877,"['C19', 'C20']",gnbayes,0.5572349297562452
878,"['C19', 'C20']",comnbayes,0.5988672071600278
879,"['C19', 'C20']",svc,0.5296750790292565
880,"['C19', 'C21']",knn,0.3266787065703474
881,"['C19', 'C21']",dt,0.44961900322220993
882,"['C19', 'C21']",gnbayes,0.5360920277564049
883,"['C19', 'C21']",comnbayes,0.5977840961542107
884,"['C19', 'C21']",svc,0.4969720995900512
885,"['C19', 'C22']",knn,0.34328513907840585
886,"['C19', 'C22']",dt,0.49283607428726717
887,"['C19', 'C22']",gnbayes,0.5524769187440964
888,"['C19', 'C22']",comnbayes,0.6033529334033829
889,"['C19', 'C22']",svc,0.5229154633238958
890,"['C19', 'C23']",knn,0.3821295437914837
891,"['C19', 'C23']",dt,0.4981191952594922
892,"['C19', 'C23']",gnbayes,0.5772754722095776
893,"['C19', 'C23']",comnbayes,0.6088747299133664
894,"['C19', 'C23']",svc,0.5353146109523579
895,"['C19', 'C24']",knn,0.4018308520747545
896,"['C19', 'C24']",dt,0.486847639806218
897,"['C19', 'C24']",gnbayes,0.5626288241024742
898,"['C19', 'C24']",comnbayes,0.5994019967237676
899,"['C19', 'C24']",svc,0.511040045226258
900,"['C19', 'C27']",knn,0.3756998308897425
901,"['C19', 'C27']",dt,0.46408771700150114
902,"['C19', 'C27']",gnbayes,0.5493565368370431
903,"['C19', 'C27']",comnbayes,0.6041868332032266
904,"['C19', 'C27']",svc,0.5295802655713142
905,"['C19', 'C28']",knn,0.3554925544679606
906,"['C19', 'C28']",dt,0.48621668894447756
907,"['C19', 'C28']",gnbayes,0.551859097793524
908,"['C19', 'C28']",comnbayes,0.6026359648899529
909,"['C19', 'C28']",svc,0.5287248070652101
910,"['C19', 'C29']",knn,0.3640596510392752
911,"['C19', 'C29']",dt,0.49283607428726717
912,"['C19', 'C29']",gnbayes,0.5534955683640486
913,"['C19', 'C29']",comnbayes,0.5987559404551722
914,"['C19', 'C29']",svc,0.5208721303778387
915,"['C20', 'C21']",knn,0.3760283710252936
916,"['C20', 'C21']",dt,0.47829228959779674
917,"['C20', 'C21']",gnbayes,0.541317914430884
918,"['C20', 'C21']",comnbayes,0.5773450526387764
919,"['C20', 'C21']",svc,0.5132413416098635
920,"['C20', 'C22']",knn,0.398640232103296
921,"['C20', 'C22']",dt,0.4715591388686179
922,"['C20', 'C22']",gnbayes,0.5612449683589278
923,"['C20', 'C22']",comnbayes,0.5879431331834771
924,"['C20', 'C22']",svc,0.523407112981581
925,"['C20', 'C23']",knn,0.3755271729758154
926,"['C20', 'C23']",dt,0.4716134110765807
927,"['C20', 'C23']",gnbayes,0.5824098463844917
928,"['C20', 'C23']",comnbayes,0.5902609931076903
929,"['C20', 'C23']",svc,0.5469403697439182
930,"['C20', 'C24']",knn,0.39168346117390873
931,"['C20', 'C24']",dt,0.49129648780212454
932,"['C20', 'C24']",gnbayes,0.5646781878029346
933,"['C20', 'C24']",comnbayes,0.5967934077774597
934,"['C20', 'C24']",svc,0.5043395138996006
935,"['C20', 'C27']",knn,0.43383330375329654
936,"['C20', 'C27']",dt,0.46146496489566546
937,"['C20', 'C27']",gnbayes,0.5520613118979937
938,"['C20', 'C27']",comnbayes,0.5874326176008754
939,"['C20', 'C27']",svc,0.5377038905495323
940,"['C20', 'C28']",knn,0.3987391002532022
941,"['C20', 'C28']",dt,0.4675489424084149
942,"['C20', 'C28']",gnbayes,0.5538536130746757
943,"['C20', 'C28']",comnbayes,0.5906147443309199
944,"['C20', 'C28']",svc,0.5302442191386545
945,"['C20', 'C29']",knn,0.43459484166134077
946,"['C20', 'C29']",dt,0.4715591388686179
947,"['C20', 'C29']",gnbayes,0.5593906773454294
948,"['C20', 'C29']",comnbayes,0.5895789938729475
949,"['C20', 'C29']",svc,0.5305352891060212
950,"['C21', 'C22']",knn,0.41265288728703364
951,"['C21', 'C22']",dt,0.4710075762781531
952,"['C21', 'C22']",gnbayes,0.5371353410062545
953,"['C21', 'C22']",comnbayes,0.5748143103665824
954,"['C21', 'C22']",svc,0.4856275005119108
955,"['C21', 'C23']",knn,0.3414288209689939
956,"['C21', 'C23']",dt,0.4549695853336912
957,"['C21', 'C23']",gnbayes,0.554037154132841
958,"['C21', 'C23']",comnbayes,0.5740969709287723
959,"['C21', 'C23']",svc,0.5075491982253999
960,"['C21', 'C24']",knn,0.3640241772981711
961,"['C21', 'C24']",dt,0.46094311378709846
962,"['C21', 'C24']",gnbayes,0.5372483246697872
963,"['C21', 'C24']",comnbayes,0.5818400967111937
964,"['C21', 'C24']",svc,0.5010128890246957
965,"['C21', 'C27']",knn,0.35577394266777335
966,"['C21', 'C27']",dt,0.4641421452943192
967,"['C21', 'C27']",gnbayes,0.5497992370837598
968,"['C21', 'C27']",comnbayes,0.5730962059924052
969,"['C21', 'C27']",svc,0.5122195790146596
970,"['C21', 'C28']",knn,0.36897517402351504
971,"['C21', 'C28']",dt,0.45719311388366035
972,"['C21', 'C28']",gnbayes,0.5420341985923963
973,"['C21', 'C28']",comnbayes,0.580108285671452
974,"['C21', 'C28']",svc,0.5027603722277622
975,"['C21', 'C29']",knn,0.3778835359379237
976,"['C21', 'C29']",dt,0.46663912788399503
977,"['C21', 'C29']",gnbayes,0.540632343649013
978,"['C21', 'C29']",comnbayes,0.5731261022254734
979,"['C21', 'C29']",svc,0.49718071490643173
980,"['C22', 'C23']",knn,0.40695650159501795
981,"['C22', 'C23']",dt,0.4841100385960013
982,"['C22', 'C23']",gnbayes,0.5797363398306795
983,"['C22', 'C23']",comnbayes,0.5878303223892516
984,"['C22', 'C23']",svc,0.5528340877501547
985,"['C22', 'C24']",knn,0.4329085139230532
986,"['C22', 'C24']",dt,0.4856861996203875
987,"['C22', 'C24']",gnbayes,0.5659649871274354
988,"['C22', 'C24']",comnbayes,0.5967617465680017
989,"['C22', 'C24']",svc,0.525335973294125
990,"['C22', 'C27']",knn,0.4044816006642599
991,"['C22', 'C27']",dt,0.45095999224599276
992,"['C22', 'C27']",gnbayes,0.5530310875787214
993,"['C22', 'C27']",comnbayes,0.5876732238023805
994,"['C22', 'C27']",svc,0.5220313859251845
995,"['C22', 'C28']",knn,0.37361255665603493
996,"['C22', 'C28']",dt,0.4792902820180706
997,"['C22', 'C28']",gnbayes,0.558367127751547
998,"['C22', 'C28']",comnbayes,0.5913373110977962
999,"['C22', 'C28']",svc,0.5193239236481609
1000,"['C22', 'C29']",knn,0.4160662461139662
1001,"['C22', 'C29']",dt,0.48590966736086016
1002,"['C22', 'C29']",gnbayes,0.5689832758031177
1003,"['C22', 'C29']",comnbayes,0.5856185573715201
1004,"['C22', 'C29']",svc,0.530868611419863
1005,"['C23', 'C24']",knn,0.36798818822074636
1006,"['C23', 'C24']",dt,0.4782019930057461
1007,"['C23', 'C24']",gnbayes,0.575402555095178
1008,"['C23', 'C24']",comnbayes,0.6032006729285782
1009,"['C23', 'C24']",svc,0.5390709057397706
1010,"['C23', 'C27']",knn,0.39199348290102687
1011,"['C23', 'C27']",dt,0.4544859750741779
1012,"['C23', 'C27']",gnbayes,0.5755556127333363
1013,"['C23', 'C27']",comnbayes,0.5873927888740391
1014,"['C23', 'C27']",svc,0.5520025580253767
1015,"['C23', 'C28']",knn,0.3924807436587405
1016,"['C23', 'C28']",dt,0.48011783260115715
1017,"['C23', 'C28']",gnbayes,0.5643684926103039
1018,"['C23', 'C28']",comnbayes,0.5962998433594886
1019,"['C23', 'C28']",svc,0.5347723655373594
1020,"['C23', 'C29']",knn,0.39293060266744473
1021,"['C23', 'C29']",dt,0.4844157259934726
1022,"['C23', 'C29']",gnbayes,0.5760431589537156
1023,"['C23', 'C29']",comnbayes,0.5879355823701474
1024,"['C23', 'C29']",svc,0.5458110670149209
1025,"['C24', 'C27']",knn,0.40378176889252193
1026,"['C24', 'C27']",dt,0.46088388069785263
1027,"['C24', 'C27']",gnbayes,0.5601672418898016
1028,"['C24', 'C27']",comnbayes,0.6015371485687098
1029,"['C24', 'C27']",svc,0.5311020611439852
1030,"['C24', 'C28']",knn,0.3814108463791541
1031,"['C24', 'C28']",dt,0.4735163979963769
1032,"['C24', 'C28']",gnbayes,0.5636503201515686
1033,"['C24', 'C28']",comnbayes,0.5992496636942837
1034,"['C24', 'C28']",svc,0.5221577875125101
1035,"['C24', 'C29']",knn,0.3965649964474153
1036,"['C24', 'C29']",dt,0.4856861996203875
1037,"['C24', 'C29']",gnbayes,0.5653623500859051
1038,"['C24', 'C29']",comnbayes,0.5972299328834719
1039,"['C24', 'C29']",svc,0.5214416985796523
1040,"['C27', 'C28']",knn,0.3723394869287039
1041,"['C27', 'C28']",dt,0.44000011476362594
1042,"['C27', 'C28']",gnbayes,0.5511278871515629
1043,"['C27', 'C28']",comnbayes,0.5903647670747357
1044,"['C27', 'C28']",svc,0.5512763112832136
1045,"['C27', 'C29']",knn,0.4115059627254749
1046,"['C27', 'C29']",dt,0.46212389271209553
1047,"['C27', 'C29']",gnbayes,0.5533656873255697
1048,"['C27', 'C29']",comnbayes,0.5807116837375592
1049,"['C27', 'C29']",svc,0.5464146289847688
1050,"['C28', 'C29']",knn,0.3978119733798267
1051,"['C28', 'C29']",dt,0.4792902820180706
1052,"['C28', 'C29']",gnbayes,0.548653728286297
1053,"['C28', 'C29']",comnbayes,0.5943934951289761
1054,"['C28', 'C29']",svc,0.5193509530980076
